81301,ron
93773,hermione
111485,weasley
152135,crouch
30440,wand
8846,potter
55366,bagman
8657,sirius
12781,dark
21643,krum
2465,turned
28357,fred
6301,table
1369,great
22520,dobby
821,large
3835,people
5073,front
2191,knew
3382,good
22055,george
4227,felt
3835,feet
376037,winky
8846,yeah
3334,moment
6112,three
1691,left
1451,robes
1451,magical
547,hands
6291,pulled
1144,cup
73631,malfoy
2436,fire
30658,ministry
4227,course
3432,staring
4227,suddenly
38924,wizards
7259,hear
45311,death
3334,find
2288,second
7259,thing
845,inside
3432,walked
5307,hair
12181,side
2536,talking
1451,black
2288,night
69993,percy
3382,began
3432,forward
1451,stood
8846,top
198238,diggory
3382,sitting
1144,year
14617,air
4355,sort
7840,father
7205,madame
43286,ground
7777,maxime
845,started
2097,bit
12603,hard
1451,house
49214,crowd
117749,sir
1451,sat
7259,muttered
5307,standing
3538,years
4328,eye
10615,slowly
6291,stared
27871,light
1769,mind
11148,mouth
8846,happened
3432,magic
3538,set
4872,help
8361,supposed
7205,lord
8710,small
12603,watching
2903,better
6291,place
5807,reached
5574,hadnt
18904,wizard
6301,er
28225,raised
5574,whispered
2097,opened
1769,wearing
11761,youve
127232,bill
3920,floor
7077,lot
4576,fell
43232,ludo
11148,quietly
39204,shouted
9508,bed
2787,red
11148,watched
3920,returned
4194,things
3920,half
22520,master
12985,cold
6301,rons
4754,scar
4872,word
18904,called
2097,morning
16722,silence
73217,eaters
4872,feel
2436,life
6151,letter
10397,mother
22055,caught
3528,entered
10584,holding
9452,sound
4328,care
4328,fingers
4194,idea
10584,arm
27086,beauxbatons
5663,gold
14112,noise
8361,shaking
3920,watch
56300,charlie
3150,remember
7308,rest
197917,tent
30759,green
9452,loudly
9508,nose
219653,elf
7840,hurried
4754,shoulder
7308,appeared
11761,arms
1451,held
6301,passed
6301,exactly
3920,fast
27442,moving
18904,pointing
4754,shook
6301,thick
11761,trouble
41838,voldemorts
12303,creatures
7840,days
3920,foot
219653,mark
30629,field
18904,high
6664,son
10397,hit
21616,muggle
15681,point
8657,read
3528,sight
5198,stairs
2436,starting
72054,wands
3150,ears
18057,girl
12985,hermiones
3528,pointed
3528,short
3528,turn
13329,weasleys
19994,yelled
41838,barty
8383,dragon
7777,kitchen
5198,moved
14262,boys
78820,ginny
123861,path
14262,steps
4754,answer
9718,cedrics
7056,reckon
8657,weve
7777,daily
5663,dyou
5198,noticed
15681,start
39988,tonight
19016,white
45311,dad
22655,faces
7840,finally
5198,fine
4754,grinning
10397,heads
8383,pain
3528,straight
20919,azkaban
6664,enormous
20795,move
7205,free
6151,hope
11761,times
6664,bad
25993,beneath
20795,big
5198,breath
10459,cauldron
5198,chance
9508,fact
4328,friend
7840,listening
7056,real
4754,smiling
10397,stay
31108,witch
4328,completely
67560,houseelf
4754,parents
15681,sounded
6151,stupid
7205,third
11327,finished
9508,loud
9508,odd
16991,person
12985,wrong
6664,closer
25149,department
12303,managed
14262,angrily
26659,bet
91583,crouchs
38885,muggles
12303,seized
30759,sign
38885,sky
56300,spell
196249,trees
4754,worked
5198,carrying
6151,clear
24607,flying
5198,listen
12303,longer
10397,snapped
54574,veela
7205,walk
22520,arthur
13329,edge
33533,family
16766,killed
11327,met
7205,seat
16991,turning
22520,houseelves
11327,leaving
11327,lying
21616,pulling
7205,quiet
13329,rose
5198,speak
14410,theyve
6151,wait
14410,worried
9028,ceiling
5198,close
28821,darkness
9718,growled
6664,heart
20795,lost
6151,nice
12303,pocket
9718,witches
7205,brought
16991,burst
5663,forced
5663,gray
5663,kind
6664,laughing
11327,lay
10397,matter
26659,picked
7205,softly
33780,step
33780,tea
19994,theyll
23331,young
216451,amos
5198,broken
19994,dropped
6151,filled
12303,late
10397,lit
9028,picture
19437,power
12303,realized
6664,threw
6664,understand
19994,backward
21616,brown
5198,dangerous
12130,eater
7205,furiously
13329,laugh
12303,sharply
13329,slipped
18057,tears
112601,wood
6664,broke
11327,direction
7205,flew
10397,gasped
7205,happy
31108,match
7205,nodded
6151,pale
7205,round
7205,seriously
14410,spot
7777,thin
16766,tiny
7777,waited
15554,arts
7205,fear
7777,giant
13329,hold
20919,mad
7205,silent
7205,tightly
5663,vanished
11260,ahead
16766,disappeared
7777,eh
16766,emerged
8383,led
7205,remained
29155,roared
31379,sleep
7777,speaking
72766,stadium
9028,strong
8383,worse
6664,apart
166500,campsite
7205,definitely
25149,echoed
38874,fun
6664,hello
15554,hurrying
18191,irish
11260,money
7777,rising
19437,rolled
7777,screaming
8383,sense
42410,supporters
88984,tents
16766,wizarding
8383,worry
5663,barely
16766,changed
9028,hang
15554,laughter
10459,marks
41838,nearby
18057,nervously
18191,omnioculars
18057,pushed
111231,roberts
7205,shrieked
19437,stunned
25149,suppose
15554,surprised
7205,tall
84821,tree
19437,voices
16766,control
29155,deal
26166,draco
9028,drive
16766,highly
19437,human
23331,impatiently
26166,malfoys
8383,powerful
9028,properly
16766,repeated
19437,shouting
9028,spotted
16766,story
20919,twenty
26166,bagmans
8383,busy
166500,conjured
8383,hours
9718,luck
16650,minister
8383,nasty
15314,squeaked
52298,terrified
10459,truth
10459,attack
29155,burning
6664,carried
45040,clothes
16766,fall
8383,glad
22246,goblins
20919,granger
11260,handed
9718,krums
8383,nervous
33780,patch
9028,poor
24260,pull
9028,screamed
24260,silvery
9718,size
15554,sudden
22520,support
8383,swept
19437,worst
19437,cut
18057,deeply
7777,dressed
9028,drop
9718,early
29155,figure
22520,footsteps
18057,frowning
12130,grass
19437,group
8383,happen
8383,reach
29155,scared
16650,servant
10459,shadow
300222,skull
9718,waving
8383,wind
65416,youknowwho
20919,beard
11260,believed
9718,center
9718,change
20919,coldly
15314,firebolt
12130,galleons
33780,higher
13083,jump
9028,kill
9718,leaned
18057,shoulders
9718,allow
12130,aware
22520,blast
12130,catch
289201,clearing
9718,expect
9718,fighting
9718,firmly
9028,form
10459,gigantic
11260,glaring
11260,hurting
9028,leading
10459,leaning
10459,oddly
20919,packed
11260,prepared
11260,privet
19437,seconds
18057,sharp
39249,sick
12130,teach
10459,term
13083,tongue
9718,anger
12130,beautiful
15314,diggorys
12130,ghost
13083,grabbed
22520,hide
10459,imagine
33780,indignantly
15314,masters
9718,picking
13083,plenty
14136,portkey
12130,powers
12130,row
15314,stick
11260,wife
22520,won
10459,anxious
10459,appearance
13083,asleep
28273,broomstick
10459,check
11260,cmon
10459,contact
14136,creature
10459,curiously
10459,dare
22520,disbelief
13083,entering
24260,excuse
10459,familiar
48520,finding
39249,frightened
19437,fully
26166,glittering
22520,narrow
12130,pleased
24260,position
65416,recognized
10459,rise
13083,spun
10459,strode
22520,upward
12130,agreed
13083,determined
61259,floating
13083,hot
9718,imagined
24260,invisible
11260,kindly
11260,lie
14136,mustache
45944,pajamas
14136,panted
14136,simple
13083,sleeping
11260,snarled
11260,split
9718,struggled
11260,surrounded
33300,thirteen
12130,trust
24260,abruptly
24260,barked
13083,bouncing
13083,calling
11260,carry
14136,echoing
20014,elves
26166,explain
39249,figures
11260,forcing
11260,gap
12130,guess
24260,halt
12130,larger
12130,lips
12130,lowered
18191,lucius
26166,pockets
14136,rock
24260,rolling
28273,searching
13083,sobbing
11260,sorts
24260,sounds
11260,stars
16650,beam
26166,difficulty
26166,discovered
12130,folded
12130,glance
26166,horrified
12130,inch
13083,involved
25123,leprechauns
14136,level
13083,mine
39249,moments
11260,peered
13083,risen
16650,roar
13083,rubbing
56547,scene
15314,sides
13083,spread
13083,surrounding
14136,unpleasant
14136,visible
40029,winkys
45944,bang
14136,blinked
13083,brains
14136,bulging
14136,careful
14136,chocolate
12130,dimly
13083,explained
13083,fires
14136,fought
14136,gaze
45944,illuminated
13083,insisted
28273,learned
30629,louder
28273,midair
49950,noises
15314,panting
14136,perform
15314,practice
13083,reply
30629,sack
33300,squinting
13083,stare
36383,unconscious
13083,wildly
72766,woods
15314,announced
30629,anxiously
15314,awoken
18191,bodies
36383,bushes
14136,colored
13083,crowded
36383,crying
13083,curtly
13083,danger
13083,darting
36383,deeper
100074,disapparated
13083,distinctly
15314,drinks
13083,easily
14136,fallen
14136,flash
15314,flickered
15314,force
14136,hey
49950,leaves
14136,lives
28273,member
14136,overhead
14136,pick
14136,reminded
13083,rid
28273,series
15314,shapes
18191,shell
49950,singing
14136,source
13083,spoken
20014,stupefy
30629,terror
16650,trunks
80059,youknowwhos
33300,arguing
15314,arrival
15314,avoided
15314,blame
14136,blinking
15314,bloody
15314,bushy
33300,children
15314,clutched
15314,collar
14136,crowds
14136,damn
16650,decide
15314,discuss
49950,erupted
16650,exhausted
15314,faded
15314,fairly
14136,fancy
36383,farther
15314,filling
15314,ghostly
15314,grimly
14136,hearing
40029,hooded
30629,hotly
15314,impressive
16650,limp
36383,marched
15314,memories
15314,moaned
16650,model
14136,ordinary
15314,performed
14136,protruding
14136,prove
33300,regulation
14136,reveal
16650,ruined
49950,smoke
40029,sounding
14136,squashed
18191,strained
14136,striding
16650,twitching
14136,upset
14136,warning
14136,written
15314,yell
15314,yelling
18191,aback
18191,bending
20014,bleeding
15314,blimey
18191,buzzing
16650,career
16650,closing
150738,conjure
15314,contrary
15314,crumpled
15314,dim
18191,disapparate
16650,distracted
40029,dressing
18191,dry
15314,duty
16650,entire
15314,fetch
15314,filthy
16650,flooding
16650,frantically
15314,heels
16650,incredulously
18191,instant
16650,jets
16650,kidding
40029,leprechaun
20014,lies
60044,masks
15314,mightve
15314,pausing
16650,poking
16650,proper
15314,raising
20014,remain
15314,rounded
36383,shout
18191,snapping
40029,squealed
16650,undoubtedly
15314,urgent
15314,utterly
15314,vast
20014,agree
18191,assured
18191,betting
18191,bewitched
40029,blazing
16650,brandishing
20014,child
18191,clever
18191,clump
16650,crossing
16650,defiantly
16650,drawn
18191,dreams
36383,embarrassing
18191,everyones
18191,feint
16650,fervently
16650,fiery
44492,gown
16650,grew
20014,hooted
18191,hurriedly
18191,invented
20014,jeans
20014,lazily
100492,masked
18191,mere
18191,miniature
60044,popping
18191,rage
18191,relaxed
60044,rustling
16650,saving
16650,scanned
40029,screams
16650,sneered
36383,sobs
18191,spilled
16650,startled
36383,struggling
16650,surveying
18191,temper
60044,towel
16650,triumph
16650,warningly
18191,wronski
16650,yells
18191,accusing
18191,beater
18191,begun
18191,blinding
18191,cover
20014,distractedly
18191,elbow
20014,events
18191,extinguished
18191,feeble
18191,gesturing
20014,gleefully
20014,heights
20014,hem
18191,honestly
18191,hopelessly
18191,informed
40029,lanterns
20014,lighting
66738,marching
18191,midst
18191,mumbled
18191,peculiar
18191,permission
40029,plans
18191,progress
20014,questioning
20014,refuse
18191,remotely
20014,resist
18191,seizing
18191,shape
20014,sheet
18191,shiny
18191,sleepily
40029,sleeves
18191,smoking
25123,smoky
18191,snorted
22246,sobbed
20014,sporting
18191,sprang
20014,sprinting
18191,sternly
40029,swelled
18191,thatll
18191,tore
18191,torture
18191,twisting
18191,violently
22246,apparated
22246,assistance
44492,barry
20014,beating
20014,betrayed
22246,blowing
25123,bomb
75369,bunk
75369,canvas
44492,charlies
20014,clambered
20014,comprised
20014,contorted
20014,dashing
20014,directed
20014,directly
20014,disgusted
20014,disgusting
20014,drifting
20014,duck
20014,dug
20014,ease
20014,education
20014,explanation
44492,fashion
44492,gasp
20014,goggling
20014,grab
20014,gulped
20014,huddle
75369,jacket
20014,jerking
20014,joining
20014,kids
20014,language
20014,lots
20014,lumos
20014,modified
44492,mudblood
22246,ogwarts
75369,panicked
20014,penetrate
20014,permitted
20014,picturing
44492,pop
22246,precisely
20014,reflected
44492,riot
20014,rip
20014,screeched
44492,scrubby
20014,shaken
20014,shoes
22246,shooting
20014,shouts
20014,smallest
20014,spectacular
22246,sprawled
20014,spring
20014,squeaking
22246,stirred
20014,summoned
20014,tensely
20014,thunderstruck
22246,transfixed
20014,treetops
22246,tripped
20014,tugging
20014,vision
20014,wipe
50246,accuse
22246,afford
22246,appearing
25123,beams
22246,bemused
22246,brimming
50246,cackling
22246,code
22246,commotion
22246,comprehension
22246,crime
22246,curt
22246,dared
22246,dawned
22246,deposited
22246,disbelieving
22246,drawers
22246,drinking
22246,duckfooted
22246,ennervate
87533,etched
22246,feelings
50246,flinched
22246,flipped
22246,followers
22246,gambling
25123,garments
22246,grabbing
22246,guilty
22246,hovering
87533,incantation
22246,indicated
22246,jeering
22246,lanternlit
22246,magics
22246,manner
87533,marchers
22246,mile
22246,nutters
22246,pimples
50246,quieter
22246,range
22246,raw
25123,reflection
22246,removing
22246,reputation
22246,rescue
22246,restrain
22246,reverberating
22246,ripple
25123,roars
22246,roundshouldered
22246,savage
50246,scare
22246,scooping
22246,sensation
22246,servants
50246,shakily
22246,slack
25123,smirk
22246,snores
22246,spin
22246,swore
25123,thatd
22246,toothbrush
50246,trampling
22246,treating
22246,trembled
22246,twigs
22246,upside
22246,urgently
22246,uttered
22246,wasps
22246,wheeled
22246,whys
22246,wimbourne
22246,winced
22246,youngest
25123,academy
25123,actual
25123,admirers
58355,amok
25123,appealing
25123,appraisal
25123,assent
25123,beckoning
25123,borne
25123,breathless
25123,celebrating
25123,chuckled
25123,cobbing
25123,committee
25123,confession
25123,congregated
25123,convulsively
25123,crunching
25123,curly
25123,denied
25123,disorientated
25123,dracos
25123,drawling
25123,emerald
25123,emeraldgreen
25123,emitting
25123,europe
58355,fantasies
25123,flapping
58355,flashes
25123,forcibly
25123,forgets
25123,formation
25123,fraction
25123,ginnys
25123,glassy
25123,glee
25123,greenish
25123,gulping
25123,hardening
25123,haze
25123,hears
25123,hollow
25123,itching
25123,jupiter
25123,killer
25123,killings
25123,knight
25123,lazy
25123,league
25123,leaky
58355,levitating
25123,limply
25123,maliciously
25123,manager
25123,misfortune
58355,mmmaster
25123,momentarily
25123,moves
25123,nightdress
25123,occasional
25123,ofmagical
25123,oliver
25123,operated
25123,pity
25123,pocketed
25123,pompously
25123,prior
25123,profusely
25123,proofs
25123,punished
25123,reassuringly
25123,reddening
25123,rent
25123,requires
25123,retraced
58355,rotten
25123,sacks
25123,serpent
25123,shaky
25123,sixty
25123,sorted
25123,squared
25123,staggering
25123,streaming
25123,teenagers
25123,thumb
25123,tremble
25123,uneven
25123,unimpressed
25123,unperturbed
25123,uptight
25123,wherere
25123,whirled
58355,wideawake
25123,wisp
58355,woolen
29177,bedsheet
29177,behaved
29177,blundering
29177,bossed
29177,bulbous
29177,bunks
29177,buoyant
29177,bursts
29177,bus
29177,campsites
29177,catches
29177,clause
29177,coats
29177,cocoa
29177,colleagues
29177,colossal
29177,conductor
29177,confiscated
29177,constellation
29177,contaminating
29177,conured
29177,convey
29177,cowering
29177,culprit
29177,daddy
29177,deletrius
29177,despise
29177,detest
29177,diagrams
29177,disagreement
29177,discomforted
29177,discovering
29177,disgustedly
29177,dishwasher
29177,disobedience
29177,disobeyed
29177,disobeys
29177,disposal
29177,dozed
29177,drunken
29177,edgily
29177,elfs
29177,emptyhanded
29177,enjoyably
29177,est
29177,expressly
29177,feebly
29177,fleeing
29177,flopping
29177,fraying
29177,freeing
29177,frightenedlooking
29177,gaggle
29177,gargoyles
29177,glow
29177,grisly
29177,grotesque
29177,gunfire
29177,hundredthousandstrong
29177,hunter
29177,illuminate
29177,impeded
29177,implored
29177,incantato
29177,inquiringly
29177,inspired
29177,jerkily
29177,jerky
29177,knickers
29177,labored
29177,lantern
29177,lavons
29177,marionettes
29177,missy
29177,morsmordre
29177,neon
29177,nightdresses
29177,nobodys
29177,nonhuman
29177,nous
29177,objections
29177,offensive
29177,oncoming
29177,overpleased
29177,overshined
29177,oï¿½
29177,parentage
29177,perdue
29177,pimply
29177,pitiful
29177,ppplease
29177,precious
29177,prop
29177,prostrating
29177,puppeteers
29177,purplecarpeted
29177,raucous
29177,rebounding
29177,recovering
29177,redhanded
29177,reemerged
29177,registered
29177,reminding
29177,replays
29177,restraining
29177,reunion
29177,robertses
29177,root
29177,rosyfaced
29177,routinely
29177,serpenttongued
29177,sharpened
29177,shirt
29177,shunpike
29177,slavery
29177,slouching
29177,splayed
29177,squeaky
29177,squinted
29177,stammered
29177,stan
29177,strings
29177,stunners
29177,surged
29177,syllable
29177,symbol
29177,systems
29177,taut
29177,thither
29177,tremulously
29177,tripledecker
29177,unhurt
29177,unjust
29177,unmask
29177,vampire
29177,vanish
29177,verbal
29177,vociferously
29177,voluminous
29177,vulnerable
29177,wiser
29177,wriggling
